# Name,   Type, SubType, Offset,   Size,  Flags
# Dual-OTA app slots grown 2M -> 3M: the single image now links BOTH the WiFi/WebSocket
# stack AND NimBLE (transport is chosen at runtime, but both are compiled in). 16 MB flash
# has ample room. NOTE: changing the layout moves offsets, so a device on the old table
# needs a full erase + flash (one time), not an OTA, to adopt this.
nvs,      data, nvs,     0x9000,   0x5000,
otadata,  data, ota,     0xE000,   0x2000,
app0,     app,  ota_0,   0x10000,  0x300000,
app1,     app,  ota_1,   0x310000, 0x300000,
spiffs,   data, spiffs,  0x610000, 0x300000,
